precinct,county,patrol_borough,latitude,longitude,anti_jewish_incidents_2019_2026,felonies,misdemeanors,with_arrest,n_2019,n_2020,n_2021,n_2022,n_2023,n_2024,n_2025,n_2026_ytd,top_offense
90,KINGS,PATROL BORO BKLYN NORTH,40.708686,-73.946628,127,68,59,73,10,7,9,24,14,30,23,10,"ASSAULT 2,1,UNCLASSIFIED"
19,NEW YORK,PATROL BORO MAN NORTH,40.772794,-73.956507,107,66,40,26,8,4,7,20,26,23,13,6,AGGRAVATED HARASSMENT 1
66,KINGS,PATROL BORO BKLYN SOUTH,40.631228,-73.98326,104,73,30,33,19,6,8,17,11,15,16,12,AGGRAVATED HARASSMENT 1
70,KINGS,PATROL BORO BKLYN SOUTH,40.631847,-73.959119,90,50,40,37,3,17,12,15,19,8,11,5,AGGRAVATED HARASSMENT 1
61,KINGS,PATROL BORO BKLYN SOUTH,40.59425,-73.94913,84,62,21,22,11,2,4,12,14,20,12,9,AGGRAVATED HARASSMENT 1
71,KINGS,PATROL BORO BKLYN SOUTH,40.662798,-73.946924,74,33,41,39,16,2,7,9,15,5,14,6,AGGRAVATED HARASSMENT 2
79,KINGS,PATROL BORO BKLYN NORTH,40.689242,-73.949185,72,40,28,32,7,4,4,16,5,13,18,5,AGGRAVATED HARASSMENT 1
24,NEW YORK,PATROL BORO MAN NORTH,40.795613,-73.970074,64,48,14,17,4,2,3,13,12,19,7,4,AGGRAVATED HARASSMENT 1
1,NEW YORK,PATROL BORO MAN SOUTH,40.714776,-74.009156,60,40,19,17,7,2,12,9,9,8,11,2,AGGRAVATED HARASSMENT 1
112,QUEENS,PATROL BORO QUEENS NORTH,40.72241,-73.849738,59,39,20,12,8,2,6,6,11,7,8,11,AGGRAVATED HARASSMENT 1
107,QUEENS,PATROL BORO QUEENS SOUTH,40.726155,-73.797378,55,42,13,13,5,8,2,2,18,5,5,10,AGGRAVATED HARASSMENT 1
26,NEW YORK,PATROL BORO MAN NORTH,40.811986,-73.958901,55,40,15,16,0,2,4,6,10,8,19,6,AGGRAVATED HARASSMENT 1
20,NEW YORK,PATROL BORO MAN NORTH,40.77939,-73.981697,54,30,23,8,6,1,3,4,16,12,8,4,AGGRAVATED HARASSMENT 1
18,NEW YORK,PATROL BORO MAN SOUTH,40.76329,-73.984999,53,31,22,22,3,3,14,4,9,4,10,6,AGGRAVATED HARASSMENT 1
14,NEW YORK,PATROL BORO MAN SOUTH,40.752034,-73.987139,50,28,22,17,4,0,9,5,6,7,16,3,AGGRAVATED HARASSMENT 1
13,NEW YORK,PATROL BORO MAN SOUTH,40.73804,-73.984439,43,20,23,7,5,3,4,11,8,7,5,0,AGGRAVATED HARASSMENT 1
50,BRONX,PATROL BORO BRONX NORTH,40.892453,-73.900463,42,24,18,18,0,2,22,5,5,3,0,5,AGGRAVATED HARASSMENT 1
6,NEW YORK,PATROL BORO MAN SOUTH,40.73369,-74.002402,40,20,20,11,2,1,4,4,4,8,10,7,AGGRAVATED HARASSMENT 1
60,KINGS,PATROL BORO BKLYN SOUTH,40.580646,-73.982144,38,31,7,3,9,6,2,5,6,3,3,4,AGGRAVATED HARASSMENT 1
84,KINGS,PATROL BORO BKLYN NORTH,40.694821,-73.988883,38,26,12,7,4,4,1,4,6,9,8,2,AGGRAVATED HARASSMENT 1
62,KINGS,PATROL BORO BKLYN SOUTH,40.607216,-73.993639,36,31,5,6,1,0,6,2,6,11,7,3,AGGRAVATED HARASSMENT 1
121,RICHMOND,PATROL BORO STATEN ISLAND,40.606769,-74.166212,33,20,13,10,3,1,3,4,7,7,4,4,AGGRAVATED HARASSMENT 1
7,NEW YORK,PATROL BORO MAN SOUTH,40.715438,-73.983946,32,19,13,8,5,3,6,5,1,6,4,2,AGGRAVATED HARASSMENT 1
77,KINGS,PATROL BORO BKLYN NORTH,40.674022,-73.944902,31,21,9,12,7,1,1,3,6,4,7,2,AGGRAVATED HARASSMENT 1
17,NEW YORK,PATROL BORO MAN SOUTH,40.751279,-73.971129,30,18,12,9,2,1,2,4,6,9,5,1,AGGRAVATED HARASSMENT 1
94,KINGS,PATROL BORO BKLYN NORTH,40.725069,-73.947717,29,18,11,7,15,2,2,0,3,3,3,1,AGGRAVATED HARASSMENT 1
108,QUEENS,PATROL BORO QUEENS NORTH,40.740481,-73.923074,29,18,11,4,5,0,3,1,4,7,5,4,AGGRAVATED HARASSMENT 1
122,RICHMOND,PATROL BORO STATEN ISLAND,40.575538,-74.116003,29,25,4,7,1,1,3,7,3,5,5,4,AGGRAVATED HARASSMENT 1
110,QUEENS,PATROL BORO QUEENS NORTH,40.743653,-73.859821,25,21,4,6,2,0,8,1,4,2,7,1,AGGRAVATED HARASSMENT 1
109,QUEENS,PATROL BORO QUEENS NORTH,40.77166,-73.815599,25,21,4,1,1,0,1,2,2,6,8,5,AGGRAVATED HARASSMENT 1
10,NEW YORK,PATROL BORO MAN SOUTH,40.750539,-74.001699,23,17,6,9,4,0,0,5,4,5,5,0,AGGRAVATED HARASSMENT 1
63,KINGS,PATROL BORO BKLYN SOUTH,40.608763,-73.912947,23,16,7,10,2,1,1,4,0,8,4,3,AGGRAVATED HARASSMENT 1
104,QUEENS,PATROL BORO QUEENS NORTH,40.710793,-73.890532,21,15,6,1,5,0,1,2,3,5,4,1,AGGRAVATED HARASSMENT 1
88,KINGS,PATROL BORO BKLYN NORTH,40.692735,-73.970367,20,15,5,3,4,4,0,4,3,0,3,2,AGGRAVATED HARASSMENT 1
34,NEW YORK,PATROL BORO MAN NORTH,40.862054,-73.927122,20,12,8,3,2,1,0,3,2,8,2,2,AGGRAVATED HARASSMENT 1
102,QUEENS,PATROL BORO QUEENS SOUTH,40.69636,-73.841559,19,17,2,1,2,0,2,1,2,7,2,3,AGGRAVATED HARASSMENT 1
5,NEW YORK,PATROL BORO MAN SOUTH,40.716414,-73.99715,19,10,9,4,1,3,1,3,4,5,2,0,AGGRAVATED HARASSMENT 1
111,QUEENS,PATROL BORO QUEENS NORTH,40.756605,-73.759187,19,11,8,0,0,5,3,2,0,4,1,4,AGGRAVATED HARASSMENT 1
114,QUEENS,PATROL BORO QUEENS NORTH,40.767849,-73.91674,18,16,2,3,4,0,2,0,5,5,1,1,AGGRAVATED HARASSMENT 1
101,QUEENS,PATROL BORO QUEENS SOUTH,40.600436,-73.763322,18,10,8,10,3,2,1,2,1,6,3,0,AGGRAVATED HARASSMENT 1
115,QUEENS,PATROL BORO QUEENS NORTH,40.762584,-73.876276,18,15,3,3,3,0,1,1,4,3,3,3,AGGRAVATED HARASSMENT 1
120,RICHMOND,PATROL BORO STATEN ISLAND,40.625266,-74.096432,18,10,8,2,0,4,2,1,2,2,6,1,AGGRAVATED HARASSMENT 1
78,KINGS,PATROL BORO BKLYN SOUTH,40.669356,-73.976945,17,9,8,4,5,1,1,1,4,1,2,2,AGGRAVATED HARASSMENT 1
72,KINGS,PATROL BORO BKLYN SOUTH,40.651955,-74.001128,17,13,4,4,2,4,0,1,4,3,2,1,AGGRAVATED HARASSMENT 1
68,KINGS,PATROL BORO BKLYN SOUTH,40.623261,-74.023451,16,10,6,7,2,1,5,0,2,3,2,1,AGGRAVATED HARASSMENT 1
83,KINGS,PATROL BORO BKLYN NORTH,40.694553,-73.91684,15,11,4,3,1,1,0,3,1,7,2,0,AGGRAVATED HARASSMENT 1
25,NEW YORK,PATROL BORO MAN NORTH,40.791005,-73.924598,14,12,2,2,3,1,7,2,0,1,0,0,AGGRAVATED HARASSMENT 1
48,BRONX,PATROL BORO BRONX NORTH,40.849708,-73.887645,14,10,3,2,6,0,1,1,3,0,1,2,AGGRAVATED HARASSMENT 1
22,NEW YORK,PATROL BORO MAN NORTH,40.782473,-73.965558,12,7,5,3,1,0,3,1,2,3,2,0,AGGRAVATED HARASSMENT 1
73,KINGS,PATROL BORO BKLYN NORTH,40.668159,-73.910946,11,8,3,2,4,2,0,2,1,1,1,0,AGGRAVATED HARASSMENT 1
45,BRONX,PATROL BORO BRONX SOUTH,40.848871,-73.819207,10,8,2,3,1,2,0,3,1,0,3,0,AGGRAVATED HARASSMENT 1
105,QUEENS,PATROL BORO QUEENS SOUTH,40.724532,-73.72975,10,9,1,1,2,0,0,2,1,1,2,2,AGGRAVATED HARASSMENT 1
33,NEW YORK,PATROL BORO MAN NORTH,40.84104,-73.940442,9,7,2,1,4,0,0,1,2,0,0,2,AGGRAVATED HARASSMENT 1
9,NEW YORK,PATROL BORO MAN SOUTH,40.726266,-73.983388,9,4,5,3,2,0,0,3,0,3,1,0,"CRIMINAL MISCHIEF 4TH, GRAFFIT"
100,QUEENS,PATROL BORO QUEENS SOUTH,40.571264,-73.866674,9,7,2,1,1,1,0,0,3,1,3,0,AGGRAVATED HARASSMENT 1
76,KINGS,PATROL BORO BKLYN SOUTH,40.679249,-74.003215,9,6,3,4,0,0,1,0,2,4,2,0,CRIMINAL MIS 2 & 3
52,BRONX,PATROL BORO BRONX NORTH,40.866347,-73.886338,8,5,3,2,1,0,1,0,3,1,1,1,AGGRAVATED HARASSMENT 1
123,RICHMOND,PATROL BORO STATEN ISLAND,40.536822,-74.205858,8,6,2,0,0,0,0,2,1,2,0,3,AGGRAVATED HARASSMENT 1
75,KINGS,PATROL BORO BKLYN NORTH,40.665783,-73.878407,7,6,1,1,3,1,0,0,2,1,0,0,AGGRAVATED HARASSMENT 1
81,KINGS,PATROL BORO BKLYN NORTH,40.685548,-73.929229,7,5,2,3,2,0,0,1,1,1,1,1,"LARCENY,GRAND FROM PERSON,PERSONAL ELECTRONIC DEVICE(SNATCH)"
67,KINGS,PATROL BORO BKLYN SOUTH,40.648042,-73.933818,6,3,3,1,1,0,1,2,1,0,1,0,AGGRAVATED HARASSMENT 1
23,NEW YORK,PATROL BORO MAN NORTH,40.791191,-73.944535,6,3,3,1,0,0,2,0,2,1,1,0,AGGRAVATED HARASSMENT 1
28,NEW YORK,PATROL BORO MAN NORTH,40.804624,-73.951038,5,4,1,1,2,0,1,1,0,0,1,0,AGGRAVATED HARASSMENT 1
44,BRONX,PATROL BORO BRONX SOUTH,40.833806,-73.920795,5,2,3,0,1,3,0,0,1,0,0,0,"CRIMINAL MISCHIEF 4TH, GRAFFIT"
103,QUEENS,PATROL BORO QUEENS SOUTH,40.703674,-73.786039,5,4,1,1,1,0,0,2,1,0,1,0,AGGRAVATED HARASSMENT 1
49,BRONX,PATROL BORO BRONX NORTH,40.856094,-73.853727,5,4,1,2,0,1,0,1,2,1,0,0,AGGRAVATED HARASSMENT 1
106,QUEENS,PATROL BORO QUEENS SOUTH,40.669214,-73.832706,5,2,3,2,0,0,0,0,4,0,0,1,ASSAULT 3
41,BRONX,PATROL BORO BRONX SOUTH,40.8136,-73.887666,4,2,2,0,3,0,0,0,1,0,0,0,"CRIMINAL MISCHIEF 4TH, GRAFFIT"
32,NEW YORK,PATROL BORO MAN NORTH,40.819276,-73.940668,4,2,2,1,0,1,0,0,0,0,2,1,"CRIMINAL MISCHIEF,UNCLASSIFIED 4"
40,BRONX,PATROL BORO BRONX SOUTH,40.810909,-73.916469,4,4,0,2,0,0,0,2,0,0,0,2,AGGRAVATED HARASSMENT 1
46,BRONX,PATROL BORO BRONX NORTH,40.852746,-73.909576,3,3,0,1,1,0,0,1,1,0,0,0,AGGRAVATED HARASSMENT 1
43,BRONX,PATROL BORO BRONX SOUTH,40.824746,-73.861524,3,2,1,0,0,0,1,0,0,0,1,1,AGGRAVATED HARASSMENT 1
47,BRONX,PATROL BORO BRONX NORTH,40.886948,-73.852591,3,3,0,2,0,0,3,0,0,0,0,0,AGGRAVATED HARASSMENT 1
113,QUEENS,PATROL BORO QUEENS SOUTH,40.661025,-73.782099,3,2,1,1,0,0,0,0,0,1,0,2,AGGRAVATED HARASSMENT 1
30,NEW YORK,PATROL BORO MAN NORTH,40.826083,-73.949558,2,1,1,0,0,0,2,0,0,0,0,0,"CRIMINAL MISCHIEF 4TH, GRAFFIT"
69,KINGS,PATROL BORO BKLYN SOUTH,40.638848,-73.899572,2,1,1,1,0,0,0,0,0,1,0,1,AGGRAVATED HARASSMENT 2
42,BRONX,PATROL BORO BRONX SOUTH,40.832556,-73.89865,2,2,0,0,0,0,0,0,0,2,0,0,AGGRAVATED HARASSMENT 1
